ID,Título,Región,Categoría,Subcategoría,Fecha,Contenido,Contenido_Completo,Tipo_Fuente,Sección_Fuente,URL_Fuente,Longitud,Palabras,Oraciones,Legibilidad,Densidad_Semántica,Riqueza_Informacional,Score_Calidad,Keywords,Entidades,Temas,Tiene_HTML,Completo,Relevante,Grupo_Duplicado,Hash_Contenido,Timestamp_Procesamiento
news_edicion_tolima_334f0d34,Edición 26 – Tolima,Tolima,comunicacion,ediciones_tolima,13 May 2025,Edición 26 Tolima. En esta edición puedes encontrarCómo entender la factura de energíaEn esta edición especial estamos en #ModoJuegoRecorre estas páginas y descubre cuánto sabes sobre tu factur...,Edición 26 Tolima. En esta edición puedes encontrarCómo entender la factura de energíaEn esta edición especial estamos en #ModoJuegoRecorre estas páginas y descubre cuánto sabes sobre tu factura de energía con un poco de diversión,newsletter,noticias_celsia,https://www.celsia.com/wp-content/uploads/2025/05/Noticias-Celsia-mayo-junio-2025.pdf,239,35,1,0.5,1.0,0.473,0.846,"tolima, energi, encontrarco, edición, factura, puedes, edicio",tolima,facturacion_tarifas,False,True,True,,7c54f5898dcf,2025-10-15T22:36:56.807027
news_edicion_tolima_d68eb24f,Edición 25 - Tolima,Tolima,comunicacion,ediciones_tolima,4 Mar 2025,Edición 25 - Tolima. En esta edición puedes encontrarCómo llega la energía al enchufe en tu casa30 años del apagónMedidores inteligentes,Edición 25 - Tolima. En esta edición puedes encontrarCómo llega la energía al enchufe en tu casa30 años del apagónMedidores inteligentes,newsletter,noticias_celsia,https://www.celsia.com/wp-content/uploads/2025/03/CELSIA-Edicion-febrero-marzo_VF-2.pdf,142,21,1,0.5,1.0,0.507,0.801,"tolima, medidor, llega, encontrarco, edición, puedes, edicio",tolima,"facturacion_tarifas, tecnologia_digital, infraestructura",False,True,True,,e553b7d79fd0,2025-10-15T22:36:56.807789
news_edicion_tolima_c8e1f8af,Edición 23 - Tolima,Tolima,comunicacion,ediciones_tolima,17 Oct 2024,Edición 23 - Tolima. En esta edición puedes encontrar Sabes qué tan verde es Tolima?El sistema eléctrico colombiano siempre te da luzFactura electrónica a mi me toca?,Edición 23 - Tolima. En esta edición puedes encontrar Sabes qué tan verde es Tolima?El sistema eléctrico colombiano siempre te da luzFactura electrónica a mi me toca?,newsletter,noticias_celsia,https://www.celsia.com/wp-content/uploads/2024/10/CELSIA-TOLIMA-OCTUBRE-11-2024OK_compressed.pdf,171,27,3,0.5,1.0,0.535,0.818,"tolima, encontrar, sabes, edición, factura, puedes, edicio",tolima,"facturacion_tarifas, energia_renovable",False,True,True,,54b205df7d55,2025-10-15T22:36:56.808444
news_edicion_tolima_d04e5f8c,Edición 22 - Tolima,Tolima,comunicacion,ediciones_tolima,20 Ago 2024,"Edición 22 - Tolima. En esta edición puedes encontrar5 años de buena vibra a los tolimensesTolima, referente de energía solar en ColombiaLa historia de Ana y la libertad económica","Edición 22 - Tolima. En esta edición puedes encontrar5 años de buena vibra a los tolimensesTolima, referente de energía solar en ColombiaLa historia de Ana y la libertad económica",newsletter,noticias_celsia,https://www.celsia.com/wp-content/uploads/2024/08/Noticias-Celsia-Tolima-Agosto-2024.pdf,184,29,1,0.5,1.0,0.536,0.825,"tolima, encontrar5, edición, puedes, edicio, solar, buena",tolima,energia_renovable,False,True,True,,9e30eab0f215,2025-10-15T22:36:56.809144
news_edicion_tolima_e6dc3709,Edición 21 - Tolima,Tolima,comunicacion,ediciones_tolima,17 May 2024,Edición 21 - Tolima. En esta edición puedes encontrar:Edición especial sobre ahorroLa libertad económica es bienestar para todosJugando y ahorrando,Edición 21 - Tolima. En esta edición puedes encontrar:Edición especial sobre ahorroLa libertad económica es bienestar para todosJugando y ahorrando,newsletter,noticias_celsia,https://www.celsia.com/wp-content/uploads/2024/05/Noticias-Celsia-Tolima-Mayo-Junio2024-vf-1.pdf,151,20,1,0.5,1.0,0.506,0.78,"tolima, encontrar, especial, edición, puedes, edicio",tolima,,False,True,True,,6dfa2203557e,2025-10-15T22:36:56.809728
news_edicion_tolima_3f5f13cc,Edición 20 - Tolima,Tolima,comunicacion,ediciones_tolima,5 Feb 2024,Edición 20 - Tolima. En esta edición puedes encontrar: Cómo ahorrar energía? la preguntan del millónInternet de calidad para todosUna comunidad educativa renovada: más de 2.000 alumnos beneficia...,Edición 20 - Tolima. En esta edición puedes encontrar: Cómo ahorrar energía? la preguntan del millónInternet de calidad para todosUna comunidad educativa renovada: más de 2.000 alumnos beneficiados,newsletter,noticias_celsia,https://www.celsia.com/wp-content/uploads/2024/02/NOTICIAS-CELSIA-TOLIMA-FEBRERO-2024.pdf,203,28,3,0.5,1.0,0.573,0.838,"tolima, encontrar, internet, cali, edición, puedes, edicio, ahorrar","tolima, cali","tecnologia_digital, responsabilidad_social",False,True,True,,8fb48a2d590d,2025-10-15T22:36:56.810508
news_edicion_tolima_775517bb,Edición 19 - Tolima,Tolima,comunicacion,ediciones_tolima,6 Dic 2023,Edición 19 - Tolima. En esta edición puedes encontrar:Transición energética y eso qué es?Te enseñamos a conocer tu huella ambientalAsí se pone un techo solar en la casa,Edición 19 - Tolima. En esta edición puedes encontrar:Transición energética y eso qué es?Te enseñamos a conocer tu huella ambientalAsí se pone un techo solar en la casa,newsletter,noticias_celsia,https://www.celsia.com/wp-content/uploads/2023/12/NOTICIAS-CELSIA-TOLIMA-NOVIEMBRE-DICIEMBRE.pdf,175,28,2,0.5,1.0,0.509,0.817,"tolima, encontrar, transicio, edición, puedes, edicio, solar",tolima,energia_renovable,False,True,True,,e13c36419eb4,2025-10-15T22:36:56.811214
news_edicion_tolima_2878d004,Edición 18 - Tolima,Tolima,comunicacion,ediciones_tolima,11 Sep 2023,"Edición 18 - Tolima. En esta edición puedes encontrar: Tolima, te mantenemos conectado a lo bien!Se vino El Niño y nosotros estamos listos!Te enseñamos a comprar como un experto en energía.","Edición 18 - Tolima. En esta edición puedes encontrar: Tolima, te mantenemos conectado a lo bien!Se vino El Niño y nosotros estamos listos!Te enseñamos a comprar como un experto en energía.",newsletter,noticias_celsia,https://www.celsia.com/wp-content/uploads/2023/09/Noticias-Celsia-Tolima-Septiembre-Octubre-2023.pdf,194,31,4,0.5,1.0,0.563,0.807,"tolima, encontrar, edición, mantenemos, puedes, edicio",tolima,,False,True,True,,4f0f5c2a6357,2025-10-15T22:36:56.811912
news_edicion_tolima_a9366b7a,Edición 17 - Tolima,Tolima,comunicacion,ediciones_tolima,9 Jun 2023,Edición 17 - Tolima. En esta edición puedes encontrar: Qué va a pasar con el precio de la generación durante El Niño? A los clientes de Celsia no los afectará significativamente. Conoce por qué...,"Edición 17 - Tolima. En esta edición puedes encontrar: Qué va a pasar con el precio de la generación durante El Niño? A los clientes de Celsia no los afectará significativamente. Conoce por qué. Notaste que cambio la factura de energía? Te la explicamos.Que no te echen cuentos, conoce datos que debes saber del sector eléctrico.",newsletter,noticias_celsia,https://www.celsia.com/wp-content/uploads/2023/06/Noticias-Celsia-Tolima-Junio-Julio-2023-BAJA-1.pdf,338,56,7,0.5,1.0,0.624,0.891,"tolima, puedes, encontrar, edición, factura, celsia, conoce, edicio, cliente","tolima, celsia","facturacion_tarifas, servicio_cliente",False,True,True,,e3b5465b3b00,2025-10-15T22:36:56.813021
news_edicion_tolima_2e66c6ac,Edición 16 - Tolima,Tolima,comunicacion,ediciones_tolima,24 Mar 2023,"Edición 16 - Tolima. En esta edición puedes encontrar: A estrenar nueva factura! Más fácil de leer y ecológica.Encuesta afirma que en Ibagué, están satisfechos con nuestro servicio!5 claves par...","Edición 16 - Tolima. En esta edición puedes encontrar: A estrenar nueva factura! Más fácil de leer y ecológica.Encuesta afirma que en Ibagué, están satisfechos con nuestro servicio!5 claves para entender la tarifa de energía",newsletter,noticias_celsia,https://www.celsia.com/wp-content/uploads/2023/03/Noticias-Celsia-Tolima-febrero-marzo-2023-BAJA.pdf,232,35,4,0.5,1.0,0.596,0.855,"estrenar, tolima, encontrar, servicio, tarifa, edición, factura, puedes, edicio",tolima,"facturacion_tarifas, servicio_cliente",False,True,True,,8d60004a68e3,2025-10-15T22:36:56.813897
news_edicion_tolima_7becafa9,Edición 15 - Tolima,Tolima,comunicacion,ediciones_tolima,21 Nov 2022,Edición 15 - Tolima. En esta edición puedes encontrar: No coma cuento! Verdades y mentiras sobre el servicio de energía. Qué orgullo! el Tolima es pionero en energía solar Con la rebaja de la tar...,"Edición 15 - Tolima. En esta edición puedes encontrar: No coma cuento! Verdades y mentiras sobre el servicio de energía. Qué orgullo! el Tolima es pionero en energía solar Con la rebaja de la tarifa de energía, siento un fresquito . Tu nevera. Únete tú para que baje más.",newsletter,noticias_celsia,https://www.celsia.com/wp-content/uploads/2022/11/Noticias-Celsia-Tolima-noviembre-diciembre-2022.pdf,280,49,7,0.5,1.0,0.604,0.879,"tolima, energi, encontrar, servicio, tarifa, edición, puedes, edicio, solar",tolima,"servicio_cliente, facturacion_tarifas, energia_renovable",False,True,True,,fc5cb8911e8b,2025-10-15T22:36:56.814886
news_edicion_tolima_42dae7cb,Edición 14 - Tolima,Tolima,comunicacion,ediciones_tolima,3 Ago 2022,Edición 14 - Tolima. En esta edición puedes encontrar:5 cosas que no sabías de la energía limpiaIdeas para conversar con persona que tienen opiniones diferentes Te ayudarán! Seis historias de gen...,Edición 14 - Tolima. En esta edición puedes encontrar:5 cosas que no sabías de la energía limpiaIdeas para conversar con persona que tienen opiniones diferentes Te ayudarán! Seis historias de gente que nos inspira con su buena energía!,newsletter,noticias_celsia,https://www.celsia.com/wp-content/uploads/2022/08/Noticias-Celsia-Tolima-julio-agosto-2022.pdf,241,38,3,0.5,1.0,0.549,0.854,"tolima, energi, encontrar, edición, puedes, edicio",tolima,"servicio_cliente, energia_renovable",False,True,True,,859b1fe229bf,2025-10-15T22:36:56.815812
news_edicion_tolima_45a9462a,Edición 13  - Tolima,Tolima,comunicacion,ediciones_tolima,24 May 2022,Edición 13 - Tolima. En esta edición puedes encontrar:El internet que siempre habías querido Te lo tenemos!5 consejos para que compres sin compliques. Quieres que sembremos un árbol por ti? Conoce...,Edición 13 - Tolima. En esta edición puedes encontrar:El internet que siempre habías querido Te lo tenemos!5 consejos para que compres sin compliques. Quieres que sembremos un árbol por ti? Conoce cómo,newsletter,noticias_celsia,https://www.celsia.com/wp-content/uploads/2022/07/Noticias-Celsia-Tolima-mayo-junio-2022.pdf,206,32,4,0.5,1.0,0.579,0.84,"tolima, siempre, encontrar, internet, edición, puedes, edicio",tolima,tecnologia_digital,False,True,True,,aa7506d76d66,2025-10-15T22:36:56.816437
news_edicion_tolima_c86a6eec,Edición 12  - Tolima,Tolima,comunicacion,ediciones_tolima,28 Mar 2022,Edición 12 - Tolima. En esta edición puedes encontrar:Rediseñamos la factura como te la soñaste. ConócelaCelebramos el Día de la Mujer resaltando una emprendedoradel Directorio Naranja.5 cosas q...,Edición 12 - Tolima. En esta edición puedes encontrar:Rediseñamos la factura como te la soñaste. ConócelaCelebramos el Día de la Mujer resaltando una emprendedoradel Directorio Naranja.5 cosas que no sabías de la energía y te sorprenderán,newsletter,noticias_celsia,https://www.celsia.com/wp-content/uploads/2022/03/Noticias-Celsia-Tolima-marzo-abril-2022-1.pdf,247,36,3,0.5,1.0,0.567,0.859,"redisen, tolima, encontrar, edición, factura, puedes, edicio",tolima,"facturacion_tarifas, infraestructura",False,True,True,,39c7aebc4f93,2025-10-15T22:36:56.817072
news_edicion_tolima_62374e4b,Edición 11 – Tolima,Tolima,comunicacion,ediciones_tolima,28 Ene 2022,Edición 11 Tolima. En esta edición puedes encontrar: sabes por qué en la factura recibes el cobro del alumbrado público?Sara Catalina Martínez llena de arte las tiendas Celsia.Si tu principal pro...,"Edición 11 Tolima. En esta edición puedes encontrar: sabes por qué en la factura recibes el cobro del alumbrado público?Sara Catalina Martínez llena de arte las tiendas Celsia.Si tu principal propósito del año es conseguir trabajo, te recomendamos aprovechar los cursos gratuitos que te ofrecemos la ESCUELA NARANJA.",newsletter,noticias_celsia,https://www.celsia.com/wp-content/uploads/2022/01/Noticias-Celsia-Tolima-enero-febrero-2022.pdf,323,48,4,0.5,1.0,0.618,0.891,"tolima, encontrar, sabes, edición, factura, celsia, puedes, edicio","tolima, celsia",facturacion_tarifas,False,True,True,,cc943125efff,2025-10-15T22:36:56.817887
news_edicion_tolima_dffd4049,Edición 10 – Tolima,Tolima,comunicacion,ediciones_tolima,15 Dic 2021,Edición 10 Tolima. En esta edición puedes encontrar:En las tiendas Celsia abrimos los sábados.Te explicamos por qué se cobra el servicio de aseo en tu factura.Ideas para ahorrar energía en esta N...,Edición 10 Tolima. En esta edición puedes encontrar:En las tiendas Celsia abrimos los sábados.Te explicamos por qué se cobra el servicio de aseo en tu factura.Ideas para ahorrar energía en esta Navidad.,newsletter,noticias_celsia,https://www.celsia.com/wp-content/uploads/2021/12/NOTICIAS-CELSIA-TOLIMA-NOVIEMBRE-2021.pdf,207,32,4,0.5,1.0,0.524,0.835,"tolima, encontrar, servicio, tiendas, edición, factura, celsia, puedes, edicio","tolima, celsia","servicio_cliente, facturacion_tarifas",False,True,True,,287b137666ba,2025-10-15T22:36:56.818467
news_edicion_tolima_24af1881,Edición 9 – Tolima,Tolima,comunicacion,ediciones_tolima,24 Sep 2021,Edición 9 Tolima. En esta edición puedes encontrar:Mejoró la energía en el centro de Ibagué.Estamos conectados con lo que pasa en la región.1.200 personas se benefician de nuestros filtros de ag...,Edición 9 Tolima. En esta edición puedes encontrar:Mejoró la energía en el centro de Ibagué.Estamos conectados con lo que pasa en la región.1.200 personas se benefician de nuestros filtros de agua potable.Estrenamos Tiendas Celsia en Líbano y Lérida.,newsletter,noticias_celsia,https://www.celsia.com/wp-content/uploads/2021/09/NOTICIAS-CELSIA-TOLIMA-SEPTIEMBRE-2021-BAJA.pdf,258,38,6,0.5,1.0,0.595,0.843,"mejoro, tolima, encontrar, edición, celsia, puedes, edicio","tolima, celsia",,False,True,True,,df75b7b2b25a,2025-10-15T22:36:56.819093
news_edicion_tolima_27846e42,Edición 8 – Tolima,Tolima,comunicacion,ediciones_tolima,14 Jul 2021,Edición 8 Tolima. En esta edición puedes encontrar:El Directorio naranja nos conectó con los clientes ibaguereños.4 ideas para ahorrar energía y platica. Sabes lo que hace el Grupo Éxito por el ...,Edición 8 Tolima. En esta edición puedes encontrar:El Directorio naranja nos conectó con los clientes ibaguereños.4 ideas para ahorrar energía y platica. Sabes lo que hace el Grupo Éxito por el desarrollo del país y del Tolima?Cuando lo barato te sale caro.,newsletter,noticias_celsia,https://www.celsia.com/wp-content/uploads/2021/07/Noticias-Celsia-Tolima-Ed.-8-Julio-2021-_-Web.pdf,264,42,5,0.5,1.0,0.595,0.871,"tolima, encontrar, edición, directorio, puedes, edicio, cliente",tolima,"servicio_cliente, responsabilidad_social",False,True,True,,cb5347ba8654,2025-10-15T22:36:56.819735
news_edicion_tolima_0dfb7584,Edición 7 - Tolima,Tolima,comunicacion,ediciones_tolima,4 May 2021,"Edición 7 - Tolima. En esta edición puedes encontrar:Historia: Para Rosario, la energía es lo suyoCumplimos, porque obras son amores Modernos y confiables! llegaron los nuevos medidores Celsia A es...","Edición 7 - Tolima. En esta edición puedes encontrar:Historia: Para Rosario, la energía es lo suyoCumplimos, porque obras son amores Modernos y confiables! llegaron los nuevos medidores Celsia A estrenar escuelas! En el 2020 transformamos cinco sedes educativas",newsletter,noticias_celsia,https://www.celsia.com/wp-content/uploads/2021/06/NOTICIAS-CELSIA-TOLIMA-MAYO-2021-BAJA.pdf,264,38,3,0.5,1.0,0.631,0.874,"tolima, encontrar, medidor, historia, edición, celsia, puedes, edicio","tolima, celsia",infraestructura,False,True,True,,0981688665a1,2025-10-15T22:36:56.820366
news_edicion_tolima_875c9ab8,Edición 6 - Tolima,Tolima,comunicacion,ediciones_tolima,15 Dic 2020,"Edición 6 - Tolima. En esta edición puedes encontrar:Nueva planta de energía solar en el Tolima.Celsianos, descubre quienes son y cuantos hay hoy en el Tolima.Pa las que sea y como sea, con tal de ...","Edición 6 - Tolima. En esta edición puedes encontrar:Nueva planta de energía solar en el Tolima.Celsianos, descubre quienes son y cuantos hay hoy en el Tolima.Pa las que sea y como sea, con tal de ayudar.Aprovecha estos descuentos de fin de año.",newsletter,noticias_celsia,https://www.celsia.com/wp-content/uploads/2021/05/NOTICIAS_CELSIA_TOLIMA_DICIEMBRE_2020.pdf,249,42,5,0.5,1.0,0.516,0.855,"tolima, nueva, encontrar, edición, celsia, puedes, edicio, solar, planta","tolima, celsia","servicio_cliente, infraestructura, energia_renovable",False,True,True,,093ce285af28,2025-10-15T22:36:56.820997
news_edicion_tolima_7c1a2ba8,Edición 5 - Tolima,Tolima,comunicacion,ediciones_tolima,4 Nov 2020,Edición 5 - Tolima. En esta edición puedes encontrar:En la pandemia le cogieron confianza al Internet.Conoce la nueva granja solar en Espinal. Por qué hay cortes de energía?ya puedes comprar lo qu...,Edición 5 - Tolima. En esta edición puedes encontrar:En la pandemia le cogieron confianza al Internet.Conoce la nueva granja solar en Espinal. Por qué hay cortes de energía?ya puedes comprar lo que sueñas en la tienda Celsia.,newsletter,noticias_celsia,https://www.celsia.com/wp-content/uploads/2021/05/NOTICIAS_CELSIA_TOLIMA_NOVIEMBRE_2020.pdf,230,37,5,0.5,1.0,0.55,0.849,"tolima, encontrar, internet, edición, celsia, puedes, edicio, solar, pandemia","tolima, espinal, celsia","tecnologia_digital, energia_renovable",False,True,True,,d3abc50d0565,2025-10-15T22:36:56.821653
news_edicion_tolima_78de88e1,Edición 4 - Tolima,Tolima,comunicacion,ediciones_tolima,7 Sep 2020,"Edición 4 - Tolima. En esta edición puedes encontrar: Conoces los techos solares que hay en el Tolima?.75.400 clientes del Tolima del estrato 3, empezaran a recibir el subsidio del 15% en su energí...","Edición 4 - Tolima. En esta edición puedes encontrar: Conoces los techos solares que hay en el Tolima?.75.400 clientes del Tolima del estrato 3, empezaran a recibir el subsidio del 15% en su energía.Descubre cuáles son los más buscados por gastones, por si los conoces.La tarifa de energía está congelada desde marzo y hasta diciembre.",newsletter,noticias_celsia,https://www.celsia.com/wp-content/uploads/2021/05/Noticias_Celsia_Tolima_septiembre2020.pdf,342,55,6,0.5,1.0,0.662,0.895,"tolima, energi, tarifa, edición, conoces, puedes, edicio, solar, cliente",tolima,"facturacion_tarifas, servicio_cliente, energia_renovable",False,True,True,,b61202bdf5df,2025-10-15T22:36:56.822455
news_edicion_tolima_dd28051c,Edición 3 - Tolima,Tolima,comunicacion,ediciones_tolima,18 Jun 2020,Edición 3 - Tolima. En esta edición puedes encontrar:Te mostramos cómo corroborar la tarifa congelada.Conoce los protocolos de atención en los centro de servicio.Ahorra tiempo y sigue estos 5 cons...,Edición 3 - Tolima. En esta edición puedes encontrar:Te mostramos cómo corroborar la tarifa congelada.Conoce los protocolos de atención en los centro de servicio.Ahorra tiempo y sigue estos 5 consejos antes de comunicarte con nosotros.La solidaridad nuestra mejor energía.,newsletter,noticias_celsia,https://www.celsia.com/wp-content/uploads/2021/05/NOTICIAS_DE_LA_LUZ_TOLIMA_JUNIO_2020.pdf,277,39,5,0.5,1.0,0.542,0.872,"tolima, encontrar, servicio, tarifa, mostramos, edición, puedes, edicio",tolima,"servicio_cliente, facturacion_tarifas",False,True,True,,d573b8716fdb,2025-10-15T22:36:56.823144
news_edicion_tolima_78cdbd35,Edición 2 - Tolima,Tolima,comunicacion,ediciones_tolima,11 Mar 2020,"Edición 2 - Tolima. En esta edición puedes encontrar:Conoce el mejor líder de Celsia para nuestros clientes del Tolima. Querer es poder!, grupo de líderes ahorro 20% en sus consumos.","Edición 2 - Tolima. En esta edición puedes encontrar:Conoce el mejor líder de Celsia para nuestros clientes del Tolima. Querer es poder!, grupo de líderes ahorro 20% en sus consumos.",newsletter,noticias_celsia,https://www.celsia.com/wp-content/uploads/2021/05/Ed_36_Noticias_de_la_Luz_Tolima-1.pdf,186,30,4,0.5,1.0,0.572,0.829,"conoce, tolima, encontrar, edición, celsia, puedes, edicio, cliente","tolima, celsia",servicio_cliente,False,True,True,,948aad610f2d,2025-10-15T22:36:56.823678
news_edicion_tolima_13b27eb9,Edición 1 - Tolima,Tolima,comunicacion,ediciones_tolima,15 Oct 2019,Edición 1 - Tolima. En esta edición puedes encontrar: Y cuando vamos a notar mejoras en la calidad del servicio?,Edición 1 - Tolima. En esta edición puedes encontrar: Y cuando vamos a notar mejoras en la calidad del servicio?,newsletter,noticias_celsia,https://www.celsia.com/wp-content/uploads/2021/01/Noticias_de_la_Luz_Tolima_octubre_2019-1.pdf,114,20,2,0.5,1.0,0.518,0.788,"tolima, encontrar, servicio, cali, cuando, edición, puedes, edicio","tolima, cali",servicio_cliente,False,True,True,,80ed5d80b5f6,2025-10-15T22:36:56.824811
news_edicion_tolima_f7ca6f03,Edición Especial Tolima,Tolima,comunicacion,ediciones_tolima,7 May 2019,"Edición Especial Tolima. En esta edición puedes encontrar:Muchas geografías, una sola compañía.Así se transformó Celsia para ser La nueva era de la energía .Apasionados por las energías renov...","Edición Especial Tolima. En esta edición puedes encontrar:Muchas geografías, una sola compañía.Así se transformó Celsia para ser La nueva era de la energía .Apasionados por las energías renovables.Entrevista Julián Cadavid, líder de Tranmisión y Distribución: Sumaremos experiencia y tecnología para lograr un servicio más confiable .",newsletter,noticias_celsia,https://www.celsia.com/es/noticias/edicion-especial-tolima/,349,46,5,0.5,1.0,0.62,0.891,"tolima, energi, servicio, renovable, especial, edición, celsia, puedes, edicio","tolima, celsia","servicio_cliente, energia_renovable",False,True,True,,dc5c6414a661,2025-10-15T22:36:56.825974
news_edicion_valle_f395ea70,Edición 24,Valle,comunicacion,ediciones_valle,2 Dic 2024,"Edición 24. En esta edición puedes encontrarLlegaron los aerogeneradores de Celsia, 80 metros de energía! Qué le dirían los embalses de Colombia al árbol de Navidad? No hay nada más bacano que ...","Edición 24. En esta edición puedes encontrarLlegaron los aerogeneradores de Celsia, 80 metros de energía! Qué le dirían los embalses de Colombia al árbol de Navidad? No hay nada más bacano que construir futuro : Fredy Vega, CEO de Platzi.",newsletter,noticias_celsia,https://www.celsia.com/wp-content/uploads/2024/12/Noticias-Celsia-Tolima-Noviembre-2024_compressed-1.pdf,245,40,4,0.5,1.0,0.6,0.861,"aerogeneradores, edición, celsia, puedes, edicio, encontrarllegaron",celsia,"infraestructura, energia_renovable",False,True,True,,d6d7cd7ab55a,2025-10-15T22:36:56.903487
news_edicion_valle_21ee28b7,Edición 58 – Valle,Valle,comunicacion,ediciones_valle,2 Dic 2024,"Edición 58 Valle. En esta edición puedes encontrarLlegaron los aerogeneradores de Celsia, 80 metros de energía! Qué le dirían los embalses de Colombia al árbol de Navidad? No hay nada más bacan...","Edición 58 Valle. En esta edición puedes encontrarLlegaron los aerogeneradores de Celsia, 80 metros de energía! Qué le dirían los embalses de Colombia al árbol de Navidad? No hay nada más bacano que construir futuro : Fredy Vega, CEO de Platzi.",newsletter,noticias_celsia,https://www.celsia.com/wp-content/uploads/2024/12/Noticias-Celsia-Valle-Noviembre-2024_compressed-1.pdf,251,41,4,0.5,1.0,0.604,0.865,"aerogeneradores, valle, edición, celsia, puedes, edicio, encontrarllegaron","valle, celsia","infraestructura, energia_renovable",False,True,True,,61b188def1d8,2025-10-15T22:36:56.904315
news_edicion_valle_ce1a791d,Edición 57 - Valle,Valle,comunicacion,ediciones_valle,17 Oct 2024,Edición 57 - Valle. En esta edición puedes encontrarEncantados de proteger la biodiversidadEl sistema eléctrico colombiano siempre te da luzIdeas que liberan mucha energía,Edición 57 - Valle. En esta edición puedes encontrarEncantados de proteger la biodiversidadEl sistema eléctrico colombiano siempre te da luzIdeas que liberan mucha energía,newsletter,noticias_celsia,https://www.celsia.com/wp-content/uploads/2024/10/CELSIA-VALLE-OCTUBRE-11-2024-ok_compressed.pdf,175,24,1,0.5,1.0,0.497,0.791,"encontrarencantados, valle, edición, proteger, puedes, edicio",valle,,False,True,True,,f305c5b7ff9d,2025-10-15T22:36:56.904972
news_edicion_valle_0b79020a,Edición 56 - Valle,Valle,comunicacion,ediciones_valle,20 Ago 2024,Edición 56 - Valle. En esta edición puedes encontrar Viste que la tarifa de energía se redujo en julio? Colombia aguantará otra temporada dura de sequía intensa sin apagarse? Te inquieta lo de la...,Edición 56 - Valle. En esta edición puedes encontrar Viste que la tarifa de energía se redujo en julio? Colombia aguantará otra temporada dura de sequía intensa sin apagarse? Te inquieta lo de la factura electrónica?,newsletter,noticias_celsia,https://www.celsia.com/wp-content/uploads/2024/08/Noticias-Celsia-Valle-agosto-2024.pdf,222,36,4,0.5,1.0,0.532,0.843,"encontrar, tarifa, valle, edición, factura, viste, puedes, edicio",valle,"facturacion_tarifas, infraestructura",False,True,True,,3b7a78e340af,2025-10-15T22:36:56.905730
news_edicion_valle_5369b9f1,Edición 55 - Valle,Valle,comunicacion,ediciones_valle,17 May 2024,Edición 55 - Valle. En esta edición puedes encontrar:Edición especial sobre ahorroLa libertad económica es bienestar para todosJugando y ahorrando,Edición 55 - Valle. En esta edición puedes encontrar:Edición especial sobre ahorroLa libertad económica es bienestar para todosJugando y ahorrando,newsletter,noticias_celsia,https://www.celsia.com/wp-content/uploads/2024/05/Noticias-Celsia-Valle-Mayo-Junio2024_Vf-1.pdf,150,20,1,0.5,1.0,0.505,0.78,"encontrar, valle, especial, edición, puedes, edicio",valle,,False,True,True,,c08d0502253b,2025-10-15T22:36:56.906350
news_edicion_valle_23920110,Edición 54 - Valle,Valle,comunicacion,ediciones_valle,5 Feb 2024,Edición 54 - Valle. En esta edición puedes encontrar: Cómo ahorrar energía? la pregunta del millónInternet de calidad para todosUna comunidad educativa renovada: más de 2.000 alumnos beneficiado...,Edición 54 - Valle. En esta edición puedes encontrar: Cómo ahorrar energía? la pregunta del millónInternet de calidad para todosUna comunidad educativa renovada: más de 2.000 alumnos beneficiados,newsletter,noticias_celsia,https://www.celsia.com/wp-content/uploads/2024/02/NOTICIAS-CELSIA-VALLE-FEBRERO-2024.pdf,201,28,3,0.5,1.0,0.571,0.837,"encontrar, internet, cali, valle, edición, puedes, edicio, ahorrar","cali, valle","tecnologia_digital, responsabilidad_social",False,True,True,,99d248251d6e,2025-10-15T22:36:56.907032
news_edicion_valle_9873ffda,Edición 53 - Valle,Valle,comunicacion,ediciones_valle,6 Dic 2023,Edición 53 - Valle. En esta edición puedes encontrar:Transición energética y eso qué es?Así se pone un techo solar en la casaCelsia pone a estrenar mobiliario escolar en Pradera,Edición 53 - Valle. En esta edición puedes encontrar:Transición energética y eso qué es?Así se pone un techo solar en la casaCelsia pone a estrenar mobiliario escolar en Pradera,newsletter,noticias_celsia,https://www.celsia.com/wp-content/uploads/2023/12/NOTICIAS-CELSIA-VALLE-NOVIEMBRE-DICIEMBRE.pdf,183,29,2,0.5,1.0,0.508,0.821,"encontrar, transicio, valle, edición, celsia, puedes, edicio, solar","valle, pradera, celsia",energia_renovable,False,True,True,,aa3fc27717eb,2025-10-15T22:36:56.907749
news_edicion_valle_ee57c137,Edición 52 - Valle,Valle,comunicacion,ediciones_valle,11 Sep 2023,Edición 52 - Valle. En esta edición puedes encontrar: Creemos en Buenaventura!Se vino El Niño y nosotros estamos listos!Te enseñamos a comprar como un experto en energía.,Edición 52 - Valle. En esta edición puedes encontrar: Creemos en Buenaventura!Se vino El Niño y nosotros estamos listos!Te enseñamos a comprar como un experto en energía.,newsletter,noticias_celsia,https://www.celsia.com/wp-content/uploads/2023/09/Noticias-Celsia-Valle-Septiembre-–-Octubre-2023.pdf,175,27,4,0.5,1.0,0.544,0.796,"encontrar, creemos, valle, edición, buenaventura, puedes, edicio","valle, buenaventura",,False,True,True,,be6095352894,2025-10-15T22:36:56.908620
news_edicion_valle_bfb01493,Edición 51 - Valle,Valle,comunicacion,ediciones_valle,9 Jun 2023,Edición 51 - Valle. En esta edición puedes encontrar: Qué va a pasar con el precio de la generación durante El Niño? A los clientes de Celsia no los afectará significativamente. Conoce por qué....,"Edición 51 - Valle. En esta edición puedes encontrar: Qué va a pasar con el precio de la generación durante El Niño? A los clientes de Celsia no los afectará significativamente. Conoce por qué. Notaste que cambio la factura de energía? Te la explicamos.Que no te echen cuentos, conoce datos que debes saber del sector eléctrico.",newsletter,noticias_celsia,https://www.celsia.com/wp-content/uploads/2023/06/Noticias-Celsia-Valle-junio-julio-2023.pdf,337,56,7,0.5,1.0,0.623,0.891,"puedes, encontrar, valle, edición, factura, celsia, conoce, edicio, cliente","valle, celsia","facturacion_tarifas, servicio_cliente",False,True,True,,724a4523cca0,2025-10-15T22:36:56.909879
news_edicion_valle_8005ec70,Edición 50 -  Valle,Valle,comunicacion,ediciones_valle,24 Mar 2023,Edición 50 - Valle. En esta edición puedes encontrar: A estrenar nueva factura! Más fácil de leer y ecológica.Pasión por el medio ambiente: CVC5 claves para entender la tarifa de energía,Edición 50 - Valle. En esta edición puedes encontrar: A estrenar nueva factura! Más fácil de leer y ecológica.Pasión por el medio ambiente: CVC5 claves para entender la tarifa de energía,newsletter,noticias_celsia,https://www.celsia.com/wp-content/uploads/2023/03/Noticias-Celsia-Valle-febrero-marzo-2023-BAJA.pdf,193,31,3,0.5,1.0,0.573,0.833,"estrenar, encontrar, tarifa, valle, edición, factura, puedes, edicio",valle,"facturacion_tarifas, responsabilidad_social",False,True,True,,57a3b13f13f8,2025-10-15T22:36:56.910490
news_edicion_valle_af99060a,Edición 49 - Valle,Valle,comunicacion,ediciones_valle,21 Nov 2022,"Edición 49 - Valle. En esta edición puedes encontrar: No coma cuento! Verdades y mentiras sobre el servicio de energía.IMirá ve, aquí somos líderes en energías limpias y renovables. Con la reba...","Edición 49 - Valle. En esta edición puedes encontrar: No coma cuento! Verdades y mentiras sobre el servicio de energía.IMirá ve, aquí somos líderes en energías limpias y renovables. Con la rebaja de la tarifa de energía, siento un fresquito . Tu nevera. Únete tú para que baje más.",newsletter,noticias_celsia,https://www.celsia.com/wp-content/uploads/2022/11/Noticias-Celsia-Valle-noviembre-diciembre-2022.pdf,292,49,7,0.5,1.0,0.592,0.884,"energi, encontrar, servicio, renovable, tarifa, valle, edición, puedes, edicio",valle,"energia_renovable, servicio_cliente, facturacion_tarifas",False,True,True,,1ad28d8d4680,2025-10-15T22:36:56.911434
news_edicion_valle_ebfa69d8,Edición 48 - Valle,Valle,comunicacion,ediciones_valle,3 Ago 2022,Edición 48 - Valle. En esta edición puedes encontrar:5 cosas que no sabías de la energía limpiaIdeas para conversar con persona que tienen opiniones diferentes Te ayudarán! Seis historias de gent...,Edición 48 - Valle. En esta edición puedes encontrar:5 cosas que no sabías de la energía limpiaIdeas para conversar con persona que tienen opiniones diferentes Te ayudarán! Seis historias de gente que nos inspira con su buena energía!,newsletter,noticias_celsia,https://www.celsia.com/wp-content/uploads/2022/08/Noticias-Celsia-Valle-julio-agosto-2022.pdf,240,38,3,0.5,1.0,0.548,0.854,"energi, encontrar, valle, edición, puedes, edicio",valle,"servicio_cliente, energia_renovable",False,True,True,,c78c47a2e18f,2025-10-15T22:36:56.912254
news_edicion_valle_59b4e878,Edición 47  - Valle del Cauca,Valle,comunicacion,ediciones_valle,24 May 2022,Edición 47 - Valle del Cauca. En esta edición puedes encontrar: 9 escuelas del Valle y un parque tienen internet gratis de Celsia!5 consejos para que compres sin compliques. Quieres que sembremos un...,Edición 47 - Valle del Cauca. En esta edición puedes encontrar: 9 escuelas del Valle y un parque tienen internet gratis de Celsia!5 consejos para que compres sin compliques. Quieres que sembremos un árbol por ti? Conoce cómo,newsletter,noticias_celsia,https://www.celsia.com/wp-content/uploads/2022/05/Noticias-Celsia-Valle-mayo-junio-2022-BAJA.pdf,228,38,4,0.5,1.0,0.605,0.854,"escuelas, encontrar, internet, valle, cauca, edición, celsia, puedes, edicio","valle, cauca, celsia",tecnologia_digital,False,True,True,,cb11a72886b8,2025-10-15T22:36:56.913171
news_edicion_valle_638f2c33,Edición 46 - Valle del Cauca,Valle,comunicacion,ediciones_valle,28 Mar 2022,Edición 46 - Valle del Cauca. En esta edición puedes encontrar:Rediseñamos la factura como te la soñaste. ConócelaCelebramos el Día de la Mujer resaltando una emprendedora del Directorio Naranja...,Edición 46 - Valle del Cauca. En esta edición puedes encontrar:Rediseñamos la factura como te la soñaste. ConócelaCelebramos el Día de la Mujer resaltando una emprendedora del Directorio Naranja.5 cosas que no sabías de la energía y te sorprenderán.,newsletter,noticias_celsia,https://www.celsia.com/wp-content/uploads/2022/03/Noticias-Celsia-Valle-marzo-abril-2022.pdf,258,39,4,0.5,1.0,0.569,0.865,"redisen, encontrar, valle, cauca, factura, edición, puedes, edicio","valle, cauca","facturacion_tarifas, infraestructura",False,True,True,,3ff04ada6161,2025-10-15T22:36:56.914220
news_edicion_valle_a5c6f172,Edición 45 - Valle del Cauca,Valle,comunicacion,ediciones_valle,28 Ene 2022,Edición 45 - Valle del Cauca. En esta edición puedes encontrar: Sabes por qué en la factura recibes el cobro del alumbrado público?Sara Catalina Martínez llena de arte las tiendas Celsia.Si tu pr...,"Edición 45 - Valle del Cauca. En esta edición puedes encontrar: Sabes por qué en la factura recibes el cobro del alumbrado público?Sara Catalina Martínez llena de arte las tiendas Celsia.Si tu principal propósito del año es conseguir trabajo, te recomendamos aprovechar los cursos gratuitos que te ofrecemos la ESCUELA NARANJA.",newsletter,noticias_celsia,https://www.celsia.com/wp-content/uploads/2022/01/Noticias-Celsia-Valle-enero-febrero-2022.pdf,334,51,4,0.5,1.0,0.635,0.892,"encontrar, sabes, valle, cauca, factura, edición, celsia, puedes, edicio","valle, cauca, celsia",facturacion_tarifas,False,True,True,,37cb403fc141,2025-10-15T22:36:56.915383
news_edicion_valle_7be91421,Edición 44 – Valle del Cauca,Valle,comunicacion,ediciones_valle,15 Dic 2021,Edición 44 Valle del Cauca. En esta edición puedes encontrar:Ideas para ahorrar energía en esta Navidad.Te explicamos por qué se cobra el servicio de aseo en tu factura.Tenemos dos súper vehícul...,Edición 44 Valle del Cauca. En esta edición puedes encontrar:Ideas para ahorrar energía en esta Navidad.Te explicamos por qué se cobra el servicio de aseo en tu factura.Tenemos dos súper vehículos para emergencias de energía en las subestaciones .,newsletter,noticias_celsia,https://www.celsia.com/wp-content/uploads/2021/12/CELSIA-VALLE-NOVIEMBRE-2021.pdf,254,39,4,0.5,1.0,0.51,0.857,"energi, encontrar, servicio, valle, cauca, factura, edición, puedes, edicio","valle, cauca","servicio_cliente, facturacion_tarifas",False,True,True,,a9b5b3a6aa94,2025-10-15T22:36:56.916628
news_edicion_valle_2f292d5d,Edición 43 - Valle del Cauca,Valle,comunicacion,ediciones_valle,24 Sep 2021,Edición 43 - Valle del Cauca. En esta edición puedes encontrar:Renovamos las Tiendas Celsia en Jamundí y Buenaventura.Entregamos 681.000 tapabocas para cuidar a nuestros estudiantes. Conoces la res...,"Edición 43 - Valle del Cauca. En esta edición puedes encontrar:Renovamos las Tiendas Celsia en Jamundí y Buenaventura.Entregamos 681.000 tapabocas para cuidar a nuestros estudiantes. Conoces la reserva natural Madhú en El Cerrito?Milady Garcés, nueva presidenta de la Cámara de Comercio de Buenaventura, una embajadora de la confianza y la esperanza.",newsletter,noticias_celsia,https://www.celsia.com/wp-content/uploads/2021/09/NOTICIAS-CELSIA-VALLE-SEPTIEMBRE-2021-BAJA.pdf,356,51,6,0.5,1.0,0.667,0.871,"encontrar, valle, renovamos, cauca, edición, buenaventura, celsia, puedes, edicio","valle, cauca, buenaventura, celsia",,False,True,True,,41a388de1f4e,2025-10-15T22:36:56.917272
news_edicion_valle_c23aadea,Edición 42 – Valle del Cauca,Valle,comunicacion,ediciones_valle,14 Jul 2021,Edición 42 Valle del Cauca. En esta edición puedes encontrar: La pandemia me retó y Celsia me tendió la mano .4 ideas para ahorrar energía y platica. Sabes lo que hace el Grupo Éxito por el desa...,Edición 42 Valle del Cauca. En esta edición puedes encontrar: La pandemia me retó y Celsia me tendió la mano .4 ideas para ahorrar energía y platica. Sabes lo que hace el Grupo Éxito por el desarrollo del país y del Valle?Cuando lo barato te sale caro,newsletter,noticias_celsia,https://www.celsia.com/wp-content/uploads/2021/07/Noticias-Celsia-Valle-Ed.-42-Julio-2021-_-Web.pdf,258,47,4,0.5,1.0,0.58,0.866,"encontrar, valle, cauca, edición, celsia, puedes, edicio, pandemia","valle, cauca, celsia",responsabilidad_social,False,True,True,,0daa3fb5532b,2025-10-15T22:36:56.918137
news_edicion_valle_c49ff5da,Edición 41- Valle del Cauca,Valle,comunicacion,ediciones_valle,4 May 2021,"Edición 41- Valle del Cauca. Edición 41- Valle del CaucaHistoria: Para Rosario, la energía es lo suyo. Mujeres electricistas? Sí es posible. Modernos y confiables! Llegaron los nuevos medidores Ce...","Edición 41- Valle del Cauca. Edición 41- Valle del CaucaHistoria: Para Rosario, la energía es lo suyo. Mujeres electricistas? Sí es posible. Modernos y confiables! Llegaron los nuevos medidores Celsia.Empresas que echan pa delante.",newsletter,noticias_celsia,https://www.celsia.com/wp-content/uploads/2021/05/NOTICIAS-CELSIA-VALLE-MAYO_2021.pdf,235,34,7,0.5,1.0,0.587,0.855,"rosario, energi, medidor, valle, caucahistoria, cauca, edición, celsia, edicio","valle, cauca, celsia",infraestructura,False,True,True,,dba78f5cc256,2025-10-15T22:36:56.918756
news_edicion_valle_95579732,Edición 40 - Valle del Cauca,Valle,comunicacion,ediciones_valle,15 Dic 2020,"Edición 40 - Valle del Cauca. Edición 40 Valle del CaucaGranjas que le sacan jugo al sol.Celsianos, descubre quiénes son y cuántos hay hoy en el Valle del Cauca.Don Eladio y Doña Bolivia ya tiene...","Edición 40 - Valle del Cauca. Edición 40 Valle del CaucaGranjas que le sacan jugo al sol.Celsianos, descubre quiénes son y cuántos hay hoy en el Valle del Cauca.Don Eladio y Doña Bolivia ya tienen casa!Aprovecha estos descuentos de fin de año.",newsletter,noticias_celsia,https://www.celsia.com/wp-content/uploads/2021/05/NOTICIAS_CELSIA_VALLE_DICIEMBRE_2020.pdf,249,42,5,0.5,1.0,0.562,0.835,"celsianos, sacan, caucagranjas, valle, cauca, edición, celsia, edicio","valle, cauca, celsia",,False,True,True,,6c925bba062e,2025-10-15T22:36:56.920069
news_edicion_valle_18a8deeb,Edición 39 - Valle del Cauca,Valle,comunicacion,ediciones_valle,4 Nov 2020,Edición 39 - Valle del Cauca. Edición 39 Valle del CaucaEn la pandemia le cogieron confianza al internet.Nuevas granjas solares le ayudan al medio ambiente. Por qué hay cortes de energía?Ya puedes...,Edición 39 - Valle del Cauca. Edición 39 Valle del CaucaEn la pandemia le cogieron confianza al internet.Nuevas granjas solares le ayudan al medio ambiente. Por qué hay cortes de energía?Ya puedes comprar lo que sueñas en la Tienda Celsia.,newsletter,noticias_celsia,https://www.celsia.com/wp-content/uploads/2021/05/NOTICIAS_CELSIA_VALLE_NOVIEMBRE_2020-1.pdf,244,40,5,0.5,1.0,0.554,0.856,"cogieron, internet, valle, caucaen, cauca, edición, celsia, edicio, solar, pandemia","valle, cauca, celsia","servicio_cliente, tecnologia_digital, responsabilidad_social",False,True,True,,8924617fa421,2025-10-15T22:36:56.920859
news_edicion_valle_658ffe11,Edición 38 - Valle del Cauca,Valle,comunicacion,ediciones_valle,31 Ago 2020,Edición 38 - Valle del Cauca. Edición 38 Valle del CaucaConoce qué hizo Doña Ángela Páez cuando le chuzaron la energía.Ya llegan los carros eléctricos. Te animas?. Te presentamos una nueva emp...,"Edición 38 - Valle del Cauca. Edición 38 Valle del CaucaConoce qué hizo Doña Ángela Páez cuando le chuzaron la energía.Ya llegan los carros eléctricos. Te animas?. Te presentamos una nueva empresa.Descubre cuáles son los más buscados por gastones, por si los conoces.La tarifa de energía está congelada desde marzo y hasta diciembre.",newsletter,noticias_celsia,https://www.celsia.com/wp-content/uploads/2021/05/Noticias_Celsia_Valle_septiembre_2020.pdf,345,53,7,0.5,1.0,0.632,0.892,"energi, ngela, tarifa, valle, cauca, edición, edicio, caucaconoce","valle, cauca",facturacion_tarifas,False,True,True,,3f82de7e4ccc,2025-10-15T22:36:56.921407
news_edicion_valle_3d8e54a6,Edición 37 - Valle del Cauca,Valle,comunicacion,ediciones_valle,18 Jun 2020,Edición 37 - Valle del Cauca. Edición 37 Valle del CaucaTe mostramos cómo corroborar que la tarifa está congelada.Conoce los protocolos de atención en los centros de servicio. No paramos! garanti...,Edición 37 - Valle del Cauca. Edición 37 Valle del CaucaTe mostramos cómo corroborar que la tarifa está congelada.Conoce los protocolos de atención en los centros de servicio. No paramos! garantizamos la calidad del servicio a nuestros clientes.La solidaridad nuestra mejor energía.,newsletter,noticias_celsia,https://www.celsia.com/wp-content/uploads/2021/05/NOTICIAS_DE_LA_LUZ_VALLE_JUNIO_2020.pdf,288,42,6,0.5,1.0,0.559,0.879,"caucate, cali, servicio, corroborar, tarifa, valle, mostramos, cauca, edición, edicio","cali, valle, cauca","servicio_cliente, facturacion_tarifas",False,True,True,,991f4859fce1,2025-10-15T22:36:56.996911
news_edicion_valle_5c268308,Edición 36 - Valle del Cauca,Valle,comunicacion,ediciones_valle,11 Mar 2020,Edición 36 - Valle del Cauca. Edición 36 Valle del CaucaLes llevamos la energía a 270 familias de zonas apartadas. Se te fue la luz? reportános el daño para atenderlo oportunamente.Cámaras para ...,"Edición 36 - Valle del Cauca. Edición 36 Valle del CaucaLes llevamos la energía a 270 familias de zonas apartadas. Se te fue la luz? reportános el daño para atenderlo oportunamente.Cámaras para cuidar tu hogar, a tu alcance.Conoce un método fácil para que aprendas a ahorrar.",newsletter,noticias_celsia,https://www.celsia.com/wp-content/uploads/2021/05/Ed._36_Noticias_de_la_Luz_Valle.pdf,283,46,6,0.5,1.0,0.571,0.853,"caucales, llevamos, energi, valle, cauca, edición, edicio","valle, cauca",,False,True,True,,e4e252e07c89,2025-10-15T22:36:56.997801
news_edicion_valle_261c7784,Edición 35,Valle,comunicacion,ediciones_valle,20 Ago 2019,"Edición 35. En esta edición puedes encontrar:Tarifa de energía tendrá cambios, conócelos.Avanzamos en #MovilidadSostenible.A la hora de elevar una cometa, ten en cuenta ReverdeC llega a los 3 mil...","Edición 35. En esta edición puedes encontrar:Tarifa de energía tendrá cambios, conócelos.Avanzamos en #MovilidadSostenible.A la hora de elevar una cometa, ten en cuenta ReverdeC llega a los 3 millones de árboles.",newsletter,noticias_celsia,https://www.celsia.com/wp-content/uploads/2021/05/Ed.-35-Noticias-de-la-Luz-agosto-2019.pdf,218,31,4,0.5,1.0,0.52,0.816,"energi, encontrar, tarifa, edición, puedes, edicio",,"energia_renovable, facturacion_tarifas",False,True,True,,af09b92206d2,2025-10-15T22:36:56.998502
news_edicion_valle_3bc5926c,Edición 34,Valle,comunicacion,ediciones_valle,22 Abr 2019,Edición 34. En esta edición puedes encontrar:Homenaje al artista vallecaucano José Horacio Martínez.Así puedes reducir el consumo de energía en tu hogar.Te ayudamos a escoger el regalo para el d...,Edición 34. En esta edición puedes encontrar:Homenaje al artista vallecaucano José Horacio Martínez.Así puedes reducir el consumo de energía en tu hogar.Te ayudamos a escoger el regalo para el día de la madre.Convertimos los impuestos en obras.,newsletter,noticias_celsia,https://www.celsia.com/wp-content/uploads/2021/05/Noticias-de-la-Luz-abril-2019-1.pdf,251,37,5,0.5,1.0,0.518,0.856,"encontrar, valle, cauca, edición, homenaje, puedes, edicio","valle, cauca","servicio_cliente, infraestructura",False,True,True,,a455f48e4003,2025-10-15T22:36:56.999270
news_edicion_valle_ca12833f,Edición 33,Valle,comunicacion,ediciones_valle,17 Ene 2019,"Edición 33. En esta edición puedes encontrar:Conoce los 12 deseos de Celsia para el 2019.ABC sobre la tarifa de energía, los subsidios y otros tips que debes conocer.Empieza el 2019 renovando tus e...","Edición 33. En esta edición puedes encontrar:Conoce los 12 deseos de Celsia para el 2019.ABC sobre la tarifa de energía, los subsidios y otros tips que debes conocer.Empieza el 2019 renovando tus electrodomésticos, financiamos tus sueños.Lo que debes saber sobre instalar un techo solar.",newsletter,noticias_celsia,https://www.celsia.com/wp-content/uploads/2021/05/Noticias-de-la-Luz-enero-2019-Ed.-33.pdf,292,44,5,0.5,1.0,0.572,0.882,"debes, edicio, tarifa, edición, celsia, puedes, sobre, solar",celsia,"facturacion_tarifas, energia_renovable",False,True,True,,0a6f6b93b553,2025-10-15T22:36:57.000166
news_edicion_valle_e55fb1f3,Edición 32,Valle,comunicacion,ediciones_valle,1 Nov 2018,"Edición 32. En esta edición puedes encontrar:VIVE, la línea de iluminación LED que Celsia trae para ti.Celsia y Epsa ya tienen tienda virtual.La movilidad eléctrica se mueve en el Valle del Cauca...","Edición 32. En esta edición puedes encontrar:VIVE, la línea de iluminación LED que Celsia trae para ti.Celsia y Epsa ya tienen tienda virtual.La movilidad eléctrica se mueve en el Valle del Cauca.10 tips sobre el techo solar de El Dorado.",newsletter,noticias_celsia,https://www.celsia.com/wp-content/uploads/2021/05/Ed.-32-Noticias-de-la-Luz-_-noviembre-2018.pdf,243,40,5,0.5,1.0,0.601,0.861,"encontrar, valle, epsa, cauca, edición, celsia, puedes, edicio, solar, iluminacio","valle, cauca, epsa, celsia","tecnologia_digital, energia_renovable",False,True,True,,496e38030f9f,2025-10-15T22:36:57.000722
news_edicion_valle_51c91421,Edición 31,Valle,comunicacion,ediciones_valle,23 May 2018,"Edición 31. En esta edición puedes encontrar:Nuevos negocios, nuevos clientes.Vuela de manera segura tu cometa, elije cuidarte.Niños de Suárez buscan meterle un golazo a la vida.Así trabajamos pa...","Edición 31. En esta edición puedes encontrar:Nuevos negocios, nuevos clientes.Vuela de manera segura tu cometa, elije cuidarte.Niños de Suárez buscan meterle un golazo a la vida.Así trabajamos para mejorar el servicio a nuestros clientes.",newsletter,noticias_celsia,https://www.celsia.com/wp-content/uploads/2021/05/Noticias-de-la-Luz-Ed_31.pdf,243,34,5,0.5,1.0,0.522,0.829,"clientes, servicio, edición, nuevos, puedes, edicio, cliente",,servicio_cliente,False,True,True,,07183294b04c,2025-10-15T22:36:57.001375
news_edicion_valle_133ace03,Edición 30,Valle,comunicacion,ediciones_valle,23 May 2018,"Edición 30. En esta edición puedes encontrar:Una sonrisa, la mejor recompensaNova, el centro de control de tu empresa de energía Te sorprenderá!Empresas que revolucionan la generación solar en Co...","Edición 30. En esta edición puedes encontrar:Una sonrisa, la mejor recompensaNova, el centro de control de tu empresa de energía Te sorprenderá!Empresas que revolucionan la generación solar en ColombiaProductos eficientes y asesoría energética para los hogares",newsletter,noticias_celsia,https://www.celsia.com/wp-content/uploads/2021/05/NoticiasdelaLuz30.pdf,267,36,2,0.5,1.0,0.551,0.844,"encontrar, sonrisa, edición, puedes, edicio, solar",,energia_renovable,False,True,True,,09221eb8a62a,2025-10-15T22:36:57.002187
news_edicion_valle_95911077,Edición 29,Valle,comunicacion,ediciones_valle,18 Dic 2017,Edición 29. En esta edición puedes encontrar:Tenemos 600.000 motivos para celebrar.Encendimos la alegría en Anchicayá con proyecto de electrificación.Inauguramos el primer piso solar de Colombia....,Edición 29. En esta edición puedes encontrar:Tenemos 600.000 motivos para celebrar.Encendimos la alegría en Anchicayá con proyecto de electrificación.Inauguramos el primer piso solar de Colombia.Ahorra energía y cuidate en estas fiestas decembrinas.,newsletter,noticias_celsia,https://www.celsia.com/wp-content/uploads/2021/05/noticias-de-la-luz-29-final-web-1.pdf,255,32,6,0.5,1.0,0.577,0.84,"tenemos, encontrar, edición, puedes, edicio, solar",,energia_renovable,False,True,True,,c2f232d51552,2025-10-15T22:36:57.002805
news_edicion_valle_0b3fd6e5,Edición 28,Valle,comunicacion,ediciones_valle,18 Oct 2017,Edición 28. En esta edición puedes encontrar:Sembramos 1 millón de árboles con ReverdeC.Renovamos la factura para hacerle la vida más fácil a nuestros clientes.El Valle tiene la primera granja s...,Edición 28. En esta edición puedes encontrar:Sembramos 1 millón de árboles con ReverdeC.Renovamos la factura para hacerle la vida más fácil a nuestros clientes.El Valle tiene la primera granja solar de Colombia.Conoce el cachorro ocelote avistado en Anchicayá.,newsletter,noticias_celsia,https://www.celsia.com/wp-content/uploads/2021/05/noticia-luz-28-celsia.pdf,267,38,5,0.5,1.0,0.575,0.87,"encontrar, sembramos, valle, edición, factura, puedes, edicio, solar, cliente",valle,"energia_renovable, servicio_cliente, facturacion_tarifas",False,True,True,,e633e4fdb61b,2025-10-15T22:36:57.003530
news_edicion_valle_63473594,Edición 27,Valle,comunicacion,ediciones_valle,1 Jun 2017,"Edición 27. En esta edición puedes encontrar:Conoce el nuevo portafolio de productos para los hogares.Entregamos kits escolares en Colombia.Salvajina, su prioridad es contribuir con la regulación d...","Edición 27. En esta edición puedes encontrar:Conoce el nuevo portafolio de productos para los hogares.Entregamos kits escolares en Colombia.Salvajina, su prioridad es contribuir con la regulación del río Cauca.",newsletter,noticias_celsia,https://www.celsia.com/wp-content/uploads/2021/05/web-noticias-de-la-luz-edicion-No-27-julio.pdf,214,29,4,0.5,1.0,0.547,0.816,"conoce, encontrar, edición, cauca, puedes, edicio",cauca,,False,True,True,,4cf636786eeb,2025-10-15T22:36:57.004237
news_edicion_valle_dbf6b17c,Edición 26,Valle,comunicacion,ediciones_valle,27 Feb 2017,Edición 26. En esta edición puedes encontrar:50 años del embalse y la central hidroeléctrica de Calima.ReverdeC superó la meta de árboles sembrados en 2016.Epsa cuenta con un nuevo cliente: el p...,Edición 26. En esta edición puedes encontrar:50 años del embalse y la central hidroeléctrica de Calima.ReverdeC superó la meta de árboles sembrados en 2016.Epsa cuenta con un nuevo cliente: el principal aeropuerto del país.,newsletter,noticias_celsia,https://www.celsia.com/wp-content/uploads/2021/05/web-noticias-de-la-luz-edicion-No-26-febrero.pdf,230,34,4,0.5,1.0,0.536,0.848,"central, encontrar, embalse, cali, epsa, edición, puedes, edicio, cliente","cali, epsa","servicio_cliente, infraestructura, energia_renovable",False,True,True,,fbb21ddf573c,2025-10-15T22:36:57.004810
news_edicion_valle_b69f066d,Edición 25,Valle,comunicacion,ediciones_valle,9 Sep 2016,Edición 25. En esta edición puedes encontrar:Un millón de árboles para el Valle del Cauca Ranas venenosas con beneficios para la salud están en amenaza.Llegaron a Colombia las bicicletas eléctri...,Edición 25. En esta edición puedes encontrar:Un millón de árboles para el Valle del Cauca Ranas venenosas con beneficios para la salud están en amenaza.Llegaron a Colombia las bicicletas eléctricas.,newsletter,noticias_celsia,https://www.celsia.com/wp-content/uploads/2021/05/noticias-de-la-luz-edicion-25-epsa.pdf,204,30,3,0.5,1.0,0.552,0.811,"millo, encontrar, valle, cauca, edición, puedes, edicio","valle, cauca",,False,True,True,,fa0d27bfef56,2025-10-15T22:36:57.005288
news_edicion_valle_f40d636a,Edición 24,Valle,comunicacion,ediciones_valle,2 Ago 2016,Edición 24. En esta edición puedes encontrar:Pumas regresan a zona reforestada por Epsa.Nuevos servicios de Epsa para sus clientes.Conoce los molinos de viento modernos.,Edición 24. En esta edición puedes encontrar:Pumas regresan a zona reforestada por Epsa.Nuevos servicios de Epsa para sus clientes.Conoce los molinos de viento modernos.,newsletter,noticias_celsia,https://www.celsia.com/wp-content/uploads/2021/05/noticias-de-la-luz-edicion-24-epsa.pdf,171,24,4,0.5,1.0,0.513,0.816,"encontrar, servicio, epsa, edición, pumas, puedes, edicio, cliente",epsa,servicio_cliente,False,True,True,,ea25563e25d1,2025-10-15T22:36:57.005939
news_edicion_valle_0c60aa4a,Edición 23,Valle,comunicacion,ediciones_valle,2 Feb 2016,Edición 23. En esta edición puedes encontrar:EPSA se ganó seis licitaciones del Plan5Caribe.Escuela indígena se ilumina con el sol.Estudiantes pasan de escuchar la palabra internet a conocerla de ...,Edición 23. En esta edición puedes encontrar:EPSA se ganó seis licitaciones del Plan5Caribe.Escuela indígena se ilumina con el sol.Estudiantes pasan de escuchar la palabra internet a conocerla de verdad.,newsletter,noticias_celsia,https://www.celsia.com/wp-content/uploads/2021/05/noticias-de-la-luz-edicion-23-epsa.pdf,207,29,4,0.5,1.0,0.515,0.834,"encontrar, internet, epsa, edición, licitaciones, puedes, edicio",epsa,tecnologia_digital,False,True,True,,a7ddd9ccf878,2025-10-15T22:36:57.006601
news_edicion_valle_92ca516b,Edición 22,Valle,comunicacion,ediciones_valle,2 Nov 2015,"Edición 22. En esta edición puedes encontrar:Ahora CETSA, EPSA y CELSIA Somos energía en Acción!.Concurso: Demuestra que tan conectado estás.EPSA entre las mejores.","Edición 22. En esta edición puedes encontrar:Ahora CETSA, EPSA y CELSIA Somos energía en Acción!.Concurso: Demuestra que tan conectado estás.EPSA entre las mejores.",newsletter,noticias_celsia,https://www.celsia.com/wp-content/uploads/2021/05/noticias-de-la-luz-edicion-22-epsa.pdf,169,23,4,0.5,1.0,0.561,0.795,"encontrar, ahora, epsa, edición, celsia, puedes, edicio","epsa, cetsa, celsia",,False,True,True,,1fd4b227702f,2025-10-15T22:36:57.007226
news_edicion_valle_4996f145,Edición 21,Valle,comunicacion,ediciones_valle,2 Jun 2015,Edición 21. En esta edición puedes encontrar:EPSA está lista para iniciar construcción de la segunda línea de energía para Buenaventura.EPSA entrega kits escolares a niños de zonas vulnerables....,Edición 21. En esta edición puedes encontrar:EPSA está lista para iniciar construcción de la segunda línea de energía para Buenaventura.EPSA entrega kits escolares a niños de zonas vulnerables.Conoce el potencial turístico de Calima-El Darién.,newsletter,noticias_celsia,https://www.celsia.com/wp-content/uploads/2021/05/noticias-de-la-luz-edicion-21-epsa.pdf,252,34,4,0.5,1.0,0.529,0.833,"lista, encontrar, cali, epsa, edición, buenaventura, puedes, edicio","cali, buenaventura, epsa",,False,True,True,,3547adcb4139,2025-10-15T22:36:57.008120
news_edicion_valle_2e5373e2,Edición 20,Valle,comunicacion,ediciones_valle,2 Ene 2015,Edición 20. En esta edición puedes encontrar:Balance Fundación EPSA.No todos los cobros de la factura son por energía.Familias indígenas son beneficiadas con proyecto de electrificación.,Edición 20. En esta edición puedes encontrar:Balance Fundación EPSA.No todos los cobros de la factura son por energía.Familias indígenas son beneficiadas con proyecto de electrificación.,newsletter,noticias_celsia,https://www.celsia.com/wp-content/uploads/2021/05/noticias-de-la-luz-edicion-20-epsa.pdf,192,25,4,0.5,1.0,0.511,0.826,"balance, encontrar, epsa, edición, factura, puedes, edicio",epsa,facturacion_tarifas,False,True,True,,368667f31729,2025-10-15T22:36:57.009186
news_edicion_valle_21b7dbe5,Edición 19,Valle,comunicacion,ediciones_valle,2 Nov 2014,"Edición 19. En esta edición puedes encontrar:EPSA y CETSA encendieron el espíritu de Navidad y la alegría de miles de familias.Anchicayá, 40 años de un sueño hecho realidad.Se invertirán $2.00...","Edición 19. En esta edición puedes encontrar:EPSA y CETSA encendieron el espíritu de Navidad y la alegría de miles de familias.Anchicayá, 40 años de un sueño hecho realidad.Se invertirán $2.000 millones en protección de Parques Nacionales Naturales.",newsletter,noticias_celsia,https://www.celsia.com/wp-content/uploads/2021/05/noticias-de-la-luz-edicion-19-epsa.pdf,258,37,5,0.5,1.0,0.619,0.845,"encontrar, epsa, edición, cetsa, puedes, edicio","epsa, cetsa",,False,True,True,,0e09c9b7f937,2025-10-15T22:36:57.009975
news_edicion_valle_0ab669fb,Edición 18,Valle,comunicacion,ediciones_valle,7 May 2014,"Edición 18. En esta edición puedes encontrar:Nima I, una de las hidroeléctricas más antiguas de Colombia.Fundación EPSA, 15 años de historia y compromiso social.electricidad y la seguridad de tu...","Edición 18. En esta edición puedes encontrar:Nima I, una de las hidroeléctricas más antiguas de Colombia.Fundación EPSA, 15 años de historia y compromiso social.electricidad y la seguridad de tu familia no son un juego, previene accidentes.",newsletter,noticias_celsia,https://www.celsia.com/wp-content/uploads/2021/05/noticias-de-la-luz-edicion-18-epsa.pdf,246,36,4,0.5,1.0,0.554,0.857,"encontrar, epsa, edición, puedes, edicio, hidroele",epsa,responsabilidad_social,False,True,True,,969947ccd1f7,2025-10-15T22:36:57.082373
news_edicion_valle_f967978d,Edición 17,Valle,comunicacion,ediciones_valle,2 Abr 2014,Edición 17. En esta edición puedes encontrar:Calidad en el servicio: un compromiso con los clientes.Más hogares en Buenaventura cuentan con un servicio de energía segura.Protegemos la palma de cer...,"Edición 17. En esta edición puedes encontrar:Calidad en el servicio: un compromiso con los clientes.Más hogares en Buenaventura cuentan con un servicio de energía segura.Protegemos la palma de cera en el Tolima, especie en vía de extinción.",newsletter,noticias_celsia,https://www.celsia.com/wp-content/uploads/2021/05/noticias-de-la-luz-edicion-17-epsa.pdf,246,37,4,0.5,1.0,0.487,0.851,"tolima, encontrar, servicio, cali, edición, buenaventura, calidad, puedes, edicio, cliente","tolima, cali, buenaventura",servicio_cliente,False,True,True,,019cf7ae6594,2025-10-15T22:36:57.083383
news_edicion_valle_74f70bf9,Edición 16,Valle,comunicacion,ediciones_valle,2 Feb 2014,"Edición 16. En esta edición puedes encontrar:Calima, un lugar con gran riqueza natural. Energía a partir del sol? Conoce este proyecto.Roldanillo, un destino de aventura.","Edición 16. En esta edición puedes encontrar:Calima, un lugar con gran riqueza natural. Energía a partir del sol? Conoce este proyecto.Roldanillo, un destino de aventura.",newsletter,noticias_celsia,https://www.celsia.com/wp-content/uploads/2021/05/noticias-de-la-luz-edicion-16-epsa.pdf,173,25,5,0.5,1.0,0.532,0.794,"encontrar, cali, edición, calima, puedes, edicio",cali,,False,True,True,,5ab784985c29,2025-10-15T22:36:57.083987
news_edicion_valle_de939fe9,Edición 15,Valle,comunicacion,ediciones_valle,2 Nov 2013,"Edición 15. En esta edición puedes encontrar:Anchicayá, patrimonio natural de los colombianos.Muchas especies para conocer. Cómo actuar en caso de un Tsunami?.","Edición 15. En esta edición puedes encontrar:Anchicayá, patrimonio natural de los colombianos.Muchas especies para conocer. Cómo actuar en caso de un Tsunami?.",newsletter,noticias_celsia,https://www.celsia.com/wp-content/uploads/2021/05/noticias-de-la-luz-edicion-15-epsa.pdf,163,22,4,0.5,1.0,0.535,0.605,"anchicaya, encontrar, edición, puedes, edicio",,,False,True,False,,b74e011bddfd,2025-10-15T22:36:57.084528
news_edicion_valle_b80ab45a,Edición 14,Valle,comunicacion,ediciones_valle,2 Sep 2013,"Edición 14. En esta edición puedes encontrar:Cali, una ciudad que se expresa a través de la danza.Comunicar nos une. Encuentro de periodistas.En San Marcos, cuentan con un lugar para compartir.","Edición 14. En esta edición puedes encontrar:Cali, una ciudad que se expresa a través de la danza.Comunicar nos une. Encuentro de periodistas.En San Marcos, cuentan con un lugar para compartir.",newsletter,noticias_celsia,https://www.celsia.com/wp-content/uploads/2021/05/noticias-de-la-luz-edicion-14-epsa.pdf,196,30,5,0.5,1.0,0.541,0.806,"ciudad, encontrar, cali, edición, puedes, edicio",cali,,False,True,True,,67532c3834a2,2025-10-15T22:36:57.085148
news_edicion_valle_e53ac8bd,Edición 13,Valle,comunicacion,ediciones_valle,2 Jun 2013,"Edición 13. En esta edición puedes encontrar:Central de Prado, una cuarentona con mucha energía.Más inversión para la energía en Tuluá. Carros que se mueven con energía?.","Edición 13. En esta edición puedes encontrar:Central de Prado, una cuarentona con mucha energía.Más inversión para la energía en Tuluá. Carros que se mueven con energía?.",newsletter,noticias_celsia,https://www.celsia.com/wp-content/uploads/2021/05/noticias-de-la-luz-edicion-13-epsa.pdf,178,26,4,0.5,1.0,0.551,0.799,"central, energi, encontrar, edición, puedes, edicio",,infraestructura,False,True,True,,0317f2a7227f,2025-10-15T22:36:57.085748
news_edicion_valle_a6f622c3,Edición 12 - Valle de Cauca,Valle,comunicacion,ediciones_valle,2 Ene 2013,Edición 12 - Valle de Cauca. En esta edición puedes encontrar:EPSA invertirá $101.000 millones en el sistema de distribuciónMejoramiento de la calidad del servicio y energización de la subestacio...,"Edición 12 - Valle de Cauca. En esta edición puedes encontrar:EPSA invertirá $101.000 millones en el sistema de distribuciónMejoramiento de la calidad del servicio y energización de la subestación Yatacué 34,5 Kv 13,2 kVRecuperación de la central hidroeléctrica Alto Tuluá",newsletter,noticias_celsia,https://www.celsia.com/wp-content/uploads/2021/05/noticias-de-la-luz-edicion-12-epsa.pdf,282,40,2,0.5,1.0,0.694,0.889,"central, invertira, encontrar, cali, servicio, valle, epsa, cauca, edición, puedes","cali, valle, cauca, epsa","servicio_cliente, infraestructura",False,True,True,,44b694875942,2025-10-15T22:36:57.086710
news_edicion_valle_70b6254b,Edición 11 - Valle del Cauca,Valle,comunicacion,ediciones_valle,2 Sep 2012,Edición 11 - Valle del Cauca. En esta edición te puedes encontrar:Seminario de actualización a técnicos electricistasEPSA logra calificación AAACelebración del Día del Agua en la vereda El Plac...,Edición 11 - Valle del Cauca. En esta edición te puedes encontrar:Seminario de actualización a técnicos electricistasEPSA logra calificación AAACelebración del Día del Agua en la vereda El Placer Dagua,newsletter,noticias_celsia,https://www.celsia.com/wp-content/uploads/2021/05/noticias-de-la-luz-edicion-11-epsa.pdf,208,30,1,0.5,1.0,0.545,0.837,"encontrar, cali, valle, epsa, seminario, cauca, edición, puedes, edicio","cali, valle, cauca, epsa",infraestructura,False,True,True,,fcce84397dc1,2025-10-15T22:36:57.087439
news_edicion_valle_10eb5765,Edición 10 - Valle del Cauca,Valle,comunicacion,ediciones_valle,2 Jun 2012,"Edición 10 - Valle del Cauca. En esta edición te puedes encontrar:Sede educativa Juan de Ladrilleros, un aporte de EPSA al futuro de Anchicayá Sabes qué es el comparendo ambiental?Fortalecimiento ...","Edición 10 - Valle del Cauca. En esta edición te puedes encontrar:Sede educativa Juan de Ladrilleros, un aporte de EPSA al futuro de Anchicayá Sabes qué es el comparendo ambiental?Fortalecimiento de la presencia de EPSA en el Norte del Valle del Cauca y en San José del Palmar (Chocó)",newsletter,noticias_celsia,https://www.celsia.com/wp-content/uploads/2021/05/noticias-de-la-luz-edicion-10-epsa.pdf,290,49,2,0.5,1.0,0.587,0.858,"encontrar, educativa, valle, epsa, cauca, edición, puedes, edicio","valle, cauca, epsa",,False,True,True,,274b12afe5dc,2025-10-15T22:36:57.088305
news_edicion_valle_154fe9a4,Edición 9 - Valle del Cauca,Valle,comunicacion,ediciones_valle,2 Abr 2012,Edición 9 - Valle del Cauca. En esta edición te puedes encontrar:Medios visitan central hidroelectrica Alto TuluáEPSA entregó dos obras en zona rural de BuenaventuraContribución al mejoramiento d...,Edición 9 - Valle del Cauca. En esta edición te puedes encontrar:Medios visitan central hidroelectrica Alto TuluáEPSA entregó dos obras en zona rural de BuenaventuraContribución al mejoramiento de vías en Salvajina,newsletter,noticias_celsia,https://www.celsia.com/wp-content/uploads/2021/05/noticias-de-la-luz-edicion-09-epsa.pdf,220,31,1,0.5,1.0,0.553,0.844,"central, medios, encontrar, valle, epsa, cauca, edición, buenaventura, electrica, puedes","valle, cauca, buenaventura, epsa",infraestructura,False,True,True,,84c3ce0ecca4,2025-10-15T22:36:57.089044
news_edicion_valle_336cb40c,Edición 8 - Valle del Cauca,Valle,comunicacion,ediciones_valle,2 Ene 2012,Edición 8 - Valle del Cauca. En esta edición te puedes encontrar:Alto Tuluá próxima a entrar en operaciónKits escolares para 17.300 niñosApoyamos la formulación de Plan de Vida del resguardo in...,Edición 8 - Valle del Cauca. En esta edición te puedes encontrar:Alto Tuluá próxima a entrar en operaciónKits escolares para 17.300 niñosApoyamos la formulación de Plan de Vida del resguardo indígena de Navera Drúa,newsletter,noticias_celsia,https://www.celsia.com/wp-content/uploads/2021/05/noticias-de-la-luz-edicion-08-epsa.pdf,223,34,2,0.5,1.0,0.587,0.824,"encontrar, valle, tulua, cauca, edición, puedes, edicio","valle, cauca",,False,True,True,,abc446d991eb,2025-10-15T22:36:57.089768
news_edicion_valle_8559e8da,Edición 7 - Valle del Cauca,Valle,comunicacion,ediciones_valle,7 Dic 2011,Edición 7 - Valle del Cauca. en esta edición te puedes encontrar:Relevo en gerencia General de EPSAPrimera Oficina incluyente14 conciertos para el Valle de Causa llenos de armonía.,Edición 7 - Valle del Cauca. en esta edición te puedes encontrar:Relevo en gerencia General de EPSAPrimera Oficina incluyente14 conciertos para el Valle de Causa llenos de armonía.,newsletter,noticias_celsia,https://www.celsia.com/es/noticias/edicion-7-valle-del-cauca/,183,28,2,0.5,1.0,0.527,0.798,"encontrar, valle, epsa, cauca, edición, puedes, edicio, relevo","valle, cauca, epsa",,False,True,True,,bfe55459ef37,2025-10-15T22:36:57.090402
news_edicion_valle_21b0eae3,Edición 6 - Valle del Cauca,Valle,comunicacion,ediciones_valle,2 Jun 2011,Edición 6 - Valle del Cauca. en esta edición te puedes encontrar:Colinversiones y EPSA dan un nuevo impulso a la Orquesta Filarmónica de Cali.EPSA lideró campaña de Salud Visual.Buenaventura cont...,Edición 6 - Valle del Cauca. en esta edición te puedes encontrar:Colinversiones y EPSA dan un nuevo impulso a la Orquesta Filarmónica de Cali.EPSA lideró campaña de Salud Visual.Buenaventura contará con una segunda línea.,newsletter,noticias_celsia,https://www.celsia.com/wp-content/uploads/2021/05/noticias-de-la-luz-edicion-06-epsa.pdf,228,34,4,0.5,1.0,0.568,0.825,"colinversiones, encontrar, cali, valle, epsa, cauca, edición, buenaventura, puedes, edicio","cali, valle, cauca, buenaventura, epsa",,False,True,True,,80dd26e86e73,2025-10-15T22:36:57.091119
news_edicion_valle_5b4bce88,Edición 5 - Valle del Cauca,Valle,comunicacion,ediciones_valle,13 May 2011,"Edición 5 - Valle del Cauca. En esta edición puedes encontrar:Colinversiones y EPSA donaron $2.000 millones a Colombia Humanitaria.EPSA inicia construcción de la Central Hidroeléctrica de Cucuana,...","Edición 5 - Valle del Cauca. En esta edición puedes encontrar:Colinversiones y EPSA donaron $2.000 millones a Colombia Humanitaria.EPSA inicia construcción de la Central Hidroeléctrica de Cucuana, un proyecto social y ambientalmente sostenibleLideramos la reforestación de la cuenca Cabuyal San Miguel",newsletter,noticias_celsia,https://www.celsia.com/wp-content/uploads/2021/05/noticias-de-la-luz-edicion-04-epsa.pdf,306,41,3,0.5,1.0,0.637,0.893,"colinversiones, central, encontrar, valle, epsa, cauca, edición, puedes, edicio","valle, cauca, epsa","infraestructura, responsabilidad_social, energia_renovable",False,True,True,,ae8f0817a7ce,2025-10-15T22:36:57.091982
news_edicion_valle_b852da63,Edición 4 - Valle del Cauca,Valle,comunicacion,ediciones_valle,13 Dic 2010,"Edición 4 - Valle del Cauca. En esta edición puedes encontrar:Mejor servicio para JamundíPagar a la primera Sí pagaCentrales hidroeléctricas, apoyo que marca la diferencia en momentos de crisis i...","Edición 4 - Valle del Cauca. En esta edición puedes encontrar:Mejor servicio para JamundíPagar a la primera Sí pagaCentrales hidroeléctricas, apoyo que marca la diferencia en momentos de crisis invernales",newsletter,noticias_celsia,https://www.celsia.com/wp-content/uploads/2021/05/noticias-de-la-luz-edicion-04-epsa-1-1.pdf,209,30,1,0.5,1.0,0.565,0.84,"central, encontrar, servicio, valle, mejor, cauca, edición, puedes, edicio","valle, cauca","servicio_cliente, infraestructura",False,True,True,,a876c161ba99,2025-10-15T22:36:57.092596
news_edicion_valle_6f4bf02e,Edición 3 - Valle del Cauca,Valle,comunicacion,ediciones_valle,2 Ago 2010,"Edición 3 - Valle del Cauca. En esta edición puedes encontrar:CETSA: 90 años de luz para el desarrollo.48 niños pilos vivieron una semana inolvidable.Central Hidroeléctrica de Salvajina, 25 años...","Edición 3 - Valle del Cauca. En esta edición puedes encontrar:CETSA: 90 años de luz para el desarrollo.48 niños pilos vivieron una semana inolvidable.Central Hidroeléctrica de Salvajina, 25 años generando energía.",newsletter,noticias_celsia,https://www.celsia.com/wp-content/uploads/2021/05/noticas-de-la-luz-edicion-03-epsa-1.pdf,220,31,4,0.5,1.0,0.619,0.851,"central, encontrar, valle, cauca, edición, cetsa, puedes, edicio","valle, cauca, cetsa","infraestructura, responsabilidad_social",False,True,True,,957016d5164b,2025-10-15T22:36:57.093259
news_edicion_valle_7e1b848c,Edición 2 - Valle del Cauca,Valle,comunicacion,ediciones_valle,13 May 2010,Edición 2 - Valle del Cauca. En esta edición puedes encontrar:Rio Cali I Un Siglo de Historia.EPSA es certificado por el ICONTEC.La Miel II ya tiene licencia ambiental.,Edición 2 - Valle del Cauca. En esta edición puedes encontrar:Rio Cali I Un Siglo de Historia.EPSA es certificado por el ICONTEC.La Miel II ya tiene licencia ambiental.,newsletter,noticias_celsia,https://www.celsia.com/wp-content/uploads/2021/05/noticias-de-la-luz-edicion-02-epsa.pdf,170,28,4,0.5,1.0,0.542,0.793,"siglo, encontrar, cali, valle, epsa, cauca, edición, puedes, edicio","cali, valle, cauca, epsa",,False,True,True,,ed36de1cd38c,2025-10-15T22:36:57.093678
news_edicion_valle_48cda636,Edición 1 - Valle del Cauca,Valle,comunicacion,ediciones_valle,13 Feb 2010,Edición 1 - Valle del Cauca. En esta edición puedes encontrar:Generación de energía limpia para el planeta: central hidroeléctrica Amaime.Vivero forestal en la vereda el placer. Cómo nace la ene...,Edición 1 - Valle del Cauca. En esta edición puedes encontrar:Generación de energía limpia para el planeta: central hidroeléctrica Amaime.Vivero forestal en la vereda el placer. Cómo nace la energía eléctrica?,newsletter,noticias_celsia,https://www.celsia.com/wp-content/uploads/2021/01/noticias-de-la-luz-edicion-01-epsa.pdf,217,31,4,0.5,1.0,0.548,0.842,"central, energi, ctrica, valle, cauca, edición, puedes, edicio","valle, cauca","infraestructura, energia_renovable",False,True,True,,ea7ab6943c5c,2025-10-15T22:36:57.094147
revista_784df93a,Edición 35. Marzo 2025,General,comunicacion,revista_articulos,,"2025: Edición 35. Marzo 2025. - Mar 2025 Celsia, gestor de activos para la transición energética.","2025: Edición 35. Marzo 2025. - Mar 2025 Celsia, gestor de activos para la transición energética.",magazine,revista_celsia,https://pubhtml5.com/ltll/xyif/,100,16,3,0.5,1.0,0.57,0.621,"marzo, edición, celsia, edicio, gestor, activos",celsia,,False,False,True,,7cbbd6810fc8,2025-10-15T22:36:57.094984
revista_7b10c334,Edición 36.  Junio 2025,General,comunicacion,revista_articulos,,2025: Edición 36. Junio 2025. - Jun 2025 En Celsia la innovación es un laboratorio vivo. Cada uno de nuestros proyectos o procesos tiene la oportunidad de transformar el futuro.,2025: Edición 36. Junio 2025. - Jun 2025 En Celsia la innovación es un laboratorio vivo. Cada uno de nuestros proyectos o procesos tiene la oportunidad de transformar el futuro.,magazine,revista_celsia,https://online.pubhtml5.com/ltll/lwyy/,179,30,4,0.5,1.0,0.587,0.802,"innovacio, laboratorio, edición, celsia, edicio, junio",celsia,,False,True,True,,471650b01ae2,2025-10-15T22:36:57.095731
revista_d0168383,Edición 34. Septiembre 2024,General,comunicacion,revista_articulos,,2024: Edición 34. Septiembre 2024. - Sep 2024 Especial 30 años de las leyes que fortalecieron nuestro sistema eléctrico.,2024: Edición 34. Septiembre 2024. - Sep 2024 Especial 30 años de las leyes que fortalecieron nuestro sistema eléctrico.,magazine,revista_celsia,https://pubhtml5.com/ltll/mwna/,123,19,3,0.5,1.0,0.594,0.591,"septiembre, leyes, especial, edición, edicio",,,False,True,False,,4a972ae9bc48,2025-10-15T22:36:57.096335
revista_6e25bf4e,Edición 33. Marzo 2024,General,comunicacion,revista_articulos,,2024: Edición 33. Marzo 2024. - Mar 2024 Conceptos y herramientas para entender la inteligencia artificial e innovaciones de Celsia a partir de esta tecnología.,2024: Edición 33. Marzo 2024. - Mar 2024 Conceptos y herramientas para entender la inteligencia artificial e innovaciones de Celsia a partir de esta tecnología.,magazine,revista_celsia,https://pubhtml5.com/ltll/fdyk/,162,25,3,0.5,1.0,0.585,0.794,"conceptos, marzo, edición, celsia, herramientas, edicio",celsia,,False,True,True,,ffaf5c359238,2025-10-15T22:36:57.096957
revista_f784f7cc,Edición 32. Enero 2024,General,comunicacion,revista_articulos,,2024: Edición 32. Enero 2024. - Jan 2024 Conoce la infraestructura que le permite a Celsia llevar su buena energía hasta sus clientes.,2024: Edición 32. Enero 2024. - Jan 2024 Conoce la infraestructura que le permite a Celsia llevar su buena energía hasta sus clientes.,magazine,revista_celsia,https://online.pubhtml5.com/ltll/ivnd/,136,23,3,0.5,1.0,0.582,0.805,"edición, celsia, conoce, edicio, infraestructura, enero, cliente",celsia,servicio_cliente,False,True,True,,18818f08178c,2025-10-15T22:36:57.100014
revista_afe522db,Edición 31. Agosto 2023,General,comunicacion,revista_articulos,,"2023: Edición 31. Agosto 2023. - Aug 2023 Cómo se conectan la generación, la transmisión y el consumo para lograr una transición energética amigable y sostenible.","2023: Edición 31. Agosto 2023. - Aug 2023 Cómo se conectan la generación, la transmisión y el consumo para lograr una transición energética amigable y sostenible.",magazine,revista_celsia,https://online.pubhtml5.com/ltll/wufl/#p=1,168,26,3,0.5,1.0,0.565,0.795,"generacio, edicio, edición, conectan, agosto",,energia_renovable,False,True,True,,f5a3fb5043a2,2025-10-15T22:36:57.100945
revista_247a87ce,Edición 30. Abril 2023,General,comunicacion,revista_articulos,,2023: Edición 30. Abril 2023. - Apr 2023 Guía para entender que el cuidado y la salud van más allá de la seguridad física.,2023: Edición 30. Abril 2023. - Apr 2023 Guía para entender que el cuidado y la salud van más allá de la seguridad física.,magazine,revista_celsia,https://online.pubhtml5.com/ltll/akav/#p=1,127,24,3,0.5,1.0,0.547,0.588,"cuidado, abril, edición, entender, edicio",,,False,True,False,,303fefc566d6,2025-10-15T22:36:57.101677
revista_dd547757,Edición 29. Diciembre 2022,General,comunicacion,revista_articulos,,"2022: Edición 29. Diciembre 2022. - Dec 2022 Nos certificamos como una compañía carbononeutral! Logramos reducir y compensar nuestras emisiones de CO2,mediante proyectos de generación limpia y ref...","2022: Edición 29. Diciembre 2022. - Dec 2022 Nos certificamos como una compañía carbononeutral! Logramos reducir y compensar nuestras emisiones de CO2,mediante proyectos de generación limpia y reforestación.",magazine,revista_celsia,https://online.pubhtml5.com/ltll/elax/#p=1,212,28,4,0.5,1.0,0.646,0.826,"diciembre, compan, certificamos, edición, edicio",,"infraestructura, energia_renovable",False,True,True,,12349098a583,2025-10-15T22:36:57.102672
revista_bfc96919,Edición 28. Octubre 2022,General,comunicacion,revista_articulos,,2022: Edición 28. Octubre 2022. - Oct 2022 Simplicar para hacer la vida más fácil es una apuesta que estamos impulsando para sacar lo mejor de nuestra buena energía.,2022: Edición 28. Octubre 2022. - Oct 2022 Simplicar para hacer la vida más fácil es una apuesta que estamos impulsando para sacar lo mejor de nuestra buena energía.,magazine,revista_celsia,https://online.pubhtml5.com/ltll/tysx/#p=1,169,29,3,0.5,1.0,0.56,0.611,"hacer, octubre, simplicar, edición, edicio",,,False,True,False,,0f66fc7bcd9f,2025-10-15T22:36:57.103510
revista_46411790,Edición 27. Agosto 2022,General,comunicacion,revista_articulos,,2022: Edición 27. Agosto 2022. - Aug 2022 Conoce el programa que une a emprendimientos de todos los tamaños y a la red que integra a las empresas con sus aliados y vecinos.,2022: Edición 27. Agosto 2022. - Aug 2022 Conoce el programa que une a emprendimientos de todos los tamaños y a la red que integra a las empresas con sus aliados y vecinos.,magazine,revista_celsia,https://online.pubhtml5.com/ltll/ejpw/#p=1,174,33,3,0.5,1.0,0.529,0.795,"programa, edicio, edición, conoce, agosto",,infraestructura,False,True,True,,3d9a5aac4d89,2025-10-15T22:36:57.180116
revista_9cd7ad43,Edición 26. Abril 2022,General,comunicacion,revista_articulos,,"2022: Edición 26. Abril 2022. - Apr 2022 Historias de clientes y vecinos en las que vamos más allá. No nos limitamos a generar y distribuir energía, agregamos valor!","2022: Edición 26. Abril 2022. - Apr 2022 Historias de clientes y vecinos en las que vamos más allá. No nos limitamos a generar y distribuir energía, agregamos valor!",magazine,revista_celsia,https://online.pubhtml5.com/ltll/qzql/#p=1,169,29,4,0.5,1.0,0.597,0.799,"historias, clientes, abril, edición, edicio, cliente",,servicio_cliente,False,True,True,,b685c9cc17d8,2025-10-15T22:36:57.180833
revista_4917b530,Edición 25. Diciembre 2021,General,comunicacion,revista_articulos,,2021: Edición 25. Diciembre 2021. - Dec 2021 Respuestas alrededor de lo que nos hace diferentes y aprendizajes de nuestra transformación cultural.,2021: Edición 25. Diciembre 2021. - Dec 2021 Respuestas alrededor de lo que nos hace diferentes y aprendizajes de nuestra transformación cultural.,magazine,revista_celsia,https://online.pubhtml5.com/ltll/ihyk/#p=1,148,22,3,0.5,1.0,0.566,0.786,"diciembre, edicio, edición, respuestas, alrededor",,infraestructura,False,True,True,,e6f40ea0d7de,2025-10-15T22:36:57.181390
revista_e091c033,Edición 24. Julio 2021,General,comunicacion,revista_articulos,,"2021: Edición 24. Julio 2021. - Jun 2021 Apoyados en nuestros pilares de cultura, hacemos que nuestros clientes se sientan acogidos y valorados. La meta: convertirlos en fanáticos con cada experienc...","2021: Edición 24. Julio 2021. - Jun 2021 Apoyados en nuestros pilares de cultura, hacemos que nuestros clientes se sientan acogidos y valorados. La meta: convertirlos en fanáticos con cada experiencia.",magazine,revista_celsia,https://online.pubhtml5.com/ltll/tlhk/#p=1,203,31,4,0.5,1.0,0.593,0.816,"apoyados, julio, edición, edicio, nuestros, cliente",,servicio_cliente,False,True,True,,e1c2a7e88f2a,2025-10-15T22:36:57.182035
revista_5da6ecc3,Edición 23. Abril / mayo 2021,General,comunicacion,revista_articulos,,2021: Edición 23. Abril mayo 2021. - Apr 2021 Creamos valor social con inversiones para mejorar el servicio y aprovechamos la energía térmica para respaldar nuestra matriz energética.,2021: Edición 23. Abril mayo 2021. - Apr 2021 Creamos valor social con inversiones para mejorar el servicio y aprovechamos la energía térmica para respaldar nuestra matriz energética.,magazine,revista_celsia,https://online.pubhtml5.com/ltll/ueje/#p=1,187,28,3,0.5,1.0,0.573,0.806,"creamos, servicio, valor, abril, edición, edicio",,"servicio_cliente, responsabilidad_social",False,True,True,,df35733fb7e5,2025-10-15T22:36:57.182669
revista_8b732d1c,Edición 22. Enero 2021,General,comunicacion,revista_articulos,,"2021: Edición 22. Enero 2021. - Jan 2021 Apoyamos a los proveedores, nos adaptamos a la realidad de los grandes clientes y aportamos a la reactivación económica en medio de la pandemia.","2021: Edición 22. Enero 2021. - Jan 2021 Apoyamos a los proveedores, nos adaptamos a la realidad de los grandes clientes y aportamos a la reactivación económica en medio de la pandemia.",magazine,revista_celsia,https://online.pubhtml5.com/ltll/ybdt/#p=1,188,32,3,0.5,1.0,0.529,0.802,"apoyamos, proveedores, edición, edicio, enero, cliente",,servicio_cliente,False,True,True,,0110dee8ac4e,2025-10-15T22:36:57.183309
revista_85bff96b,Edición 21. Noviembre 2020,General,comunicacion,revista_articulos,,"2020: Edición 21. Noviembre 2020. - Nov 2020 Principios de actuación que nos impulsan a superar los desafíos de la pandemia, en un trabajo conjunto con las empresas y los proveedores.","2020: Edición 21. Noviembre 2020. - Nov 2020 Principios de actuación que nos impulsan a superar los desafíos de la pandemia, en un trabajo conjunto con las empresas y los proveedores.",magazine,revista_celsia,https://online.pubhtml5.com/ltll/liqj/#p=1,186,31,3,0.5,1.0,0.567,0.62,"noviembre, edicio, principios, edición, actuacio",,,False,True,False,,a55d55d6a1f2,2025-10-15T22:36:57.184740
revista_1743183d,Edición 20. Junio – Julio 2020,General,comunicacion,revista_articulos,,2020: Edición 20. Junio Julio 2020. - Jun 2020 Los héroes de Celsia durante la pandemia y por qué el gas natural es un respaldo para la matriz energética.,2020: Edición 20. Junio Julio 2020. - Jun 2020 Los héroes de Celsia durante la pandemia y por qué el gas natural es un respaldo para la matriz energética.,magazine,revista_celsia,https://online.pubhtml5.com/ltll/whoh/#p=1,158,29,3,0.5,1.0,0.584,0.791,"julio, edición, celsia, edicio, junio, durante",celsia,,False,True,True,,88b742d49a4d,2025-10-15T22:36:57.185415
